,City,Cloudiness,Country,Date,Humidity,Lat,Lng,Max Temp,Wind Speed
0,hermanus,78,ZA,1567556512,95,-34.42,19.24,55.99,2.33
1,mataura,100,NZ,1567556514,87,-46.19,168.86,52.0,1.01
2,ostersund,0,SE,1567556515,87,63.18,14.64,43.0,5.82
3,hilo,1,US,1567556516,55,19.71,-155.08,87.8,12.75
4,pisco,0,PE,1567556518,30,-13.71,-76.2,71.6,13.87
5,trofors,100,NO,1567556519,87,65.54,13.39,50.0,14.99
6,talnakh,75,RU,1567556520,100,69.49,88.39,44.6,6.71
7,castro,0,CL,1567556522,70,-42.48,-73.76,44.6,6.93
8,thompson,90,CA,1567556523,87,55.74,-97.86,51.8,11.41
9,vaini,100,IN,1567556524,94,15.34,74.49,75.82,4.09
10,tuktoyaktuk,20,CA,1567556526,62,69.44,-133.03,53.6,12.75
11,hobyo,4,SO,1567556527,79,5.35,48.53,76.9,24.67
12,hadejia,64,NG,1567556529,49,12.45,10.04,83.56,7.52
13,rawson,67,AR,1567556530,73,-43.3,-65.11,34.06,18.75
14,port blair,75,IN,1567556531,88,11.67,92.75,80.6,11.41
15,macusani,95,PE,1567556533,86,-14.07,-70.43,34.78,7.36
16,meulaboh,100,ID,1567556534,82,4.14,96.13,79.96,9.69
17,busselton,25,AU,1567556535,58,-33.64,115.35,52.0,26.11
18,pocone,65,BR,1567556537,54,-16.26,-56.62,83.02,6.2
19,beloha,0,MG,1567556538,90,-25.17,45.06,59.26,7.11
20,ushuaia,40,AR,1567556539,69,-54.81,-68.31,35.6,20.8
21,morros,75,BR,1567556541,78,-2.87,-44.04,80.6,13.87
22,avera,1,US,1567556542,61,33.19,-82.53,89.6,4.7
23,new norfolk,75,AU,1567556543,58,-42.78,147.06,55.4,12.75
24,kasongo-lunda,50,CD,1567556545,90,-6.48,16.82,69.34,2.71
25,sao miguel do tapuio,14,BR,1567556546,47,-5.5,-41.32,83.92,9.37
26,albany,20,US,1567556537,68,42.65,-73.75,71.6,4.7
27,bluff,95,AU,1567556549,18,-23.58,149.07,77.62,1.36
28,quelimane,20,MZ,1567556550,78,-17.88,36.89,71.6,3.36
29,hobart,75,AU,1567556291,58,-42.88,147.33,55.4,12.75
30,sao filipe,83,CV,1567556553,86,14.9,-24.5,80.86,6.6
31,keti bandar,99,PK,1567556554,85,24.14,67.45,83.2,17.31
32,saint-pierre,0,FR,1567556555,82,48.95,4.24,55.4,4.7
33,inawayan,75,PH,1567556557,88,6.96,125.47,77.0,1.99
34,mahebourg,75,MU,1567556558,78,-20.41,57.7,71.6,2.24
35,san rafael del sur,20,NI,1567556560,44,11.85,-86.44,93.2,9.17
36,jamestown,58,AU,1567556562,61,-33.21,138.6,63.04,2.68
37,spearfish,1,US,1567556563,40,44.49,-103.86,80.01,5.23
38,bambous virieux,75,MU,1567556564,78,-20.34,57.76,71.6,2.24
39,golden,1,US,1567556560,39,39.76,-105.22,84.2,6.42
40,joshimath,95,IN,1567556567,95,30.57,79.57,56.56,0.2
41,brae,97,GB,1567556568,93,60.4,-1.35,55.4,24.16
42,japura,90,ID,1567556570,95,-0.42,102.29,73.66,3.78
43,sorochinsk,0,RU,1567556571,93,52.43,53.15,45.94,6.02
44,kant,0,KG,1567556573,58,42.89,74.85,57.2,2.24
45,pangody,100,RU,1567556574,88,65.85,74.49,47.74,6.78
46,kirby,1,US,1567556575,32,29.46,-98.39,96.01,13.87
47,tasiilaq,49,GL,1567556576,58,65.61,-37.64,41.0,4.7
48,rikitea,100,PF,1567556541,89,-23.12,-134.97,71.68,15.21
49,coihaique,40,CL,1567556579,41,-45.58,-72.07,42.8,4.7
50,punta arenas,20,CL,1567556580,55,-53.16,-70.91,37.4,10.29
51,lebu,75,ET,1567556582,82,8.96,38.73,57.2,6.93
52,mineiros,40,BR,1567556583,47,-17.57,-52.55,75.46,4.21
53,puerto ayora,20,EC,1567556585,65,-0.74,-90.35,78.8,11.41
54,atuona,0,PF,1567556586,73,-9.8,-139.03,79.78,12.5
55,barrow,56,AR,1567556587,67,-38.31,-60.23,37.66,11.97
56,kapaa,1,US,1567556546,58,22.08,-159.32,87.8,10.29
57,sao miguel do araguaia,0,BR,1567556590,23,-13.28,-50.16,79.24,1.03
58,carnarvon,0,ZA,1567556545,14,-30.97,22.13,50.44,3.65
59,san quintin,88,PH,1567556593,81,17.54,120.52,77.98,2.59
60,tromso,75,NO,1567556594,71,69.65,18.96,50.0,36.91
61,mandan,1,US,1567556595,63,46.83,-100.89,69.01,11.41
62,la palma,9,CO,1567556597,80,5.36,-74.39,74.92,3.02
63,ilulissat,24,GL,1567556441,45,69.22,-51.1,48.2,19.46
64,sinnamary,0,GF,1567556599,82,5.38,-52.96,81.94,19.24
65,esperance,0,AU,1567556601,76,-33.86,121.89,50.0,21.92
66,chuy,16,UY,1567556602,60,-33.69,-53.46,45.22,14.41
67,nikolskoye,75,RU,1567556604,93,59.7,30.79,55.99,4.47
68,loralai,0,PK,1567556605,56,30.37,68.6,73.84,3.2
69,mamallapuram,40,IN,1567556563,83,12.63,80.17,82.4,5.82
70,kahului,40,US,1567556511,52,20.89,-156.47,89.6,23.04
71,luderitz,59,NA,1567556609,93,-26.65,15.16,51.8,4.7
72,souillac,0,FR,1567556610,72,45.6,-0.6,61.0,2.24
73,camopi,56,GF,1567556611,92,3.17,-52.33,74.38,5.01
74,srednekolymsk,52,RU,1567556613,33,67.46,153.71,55.84,10.87
75,victoria,75,BN,1567556614,88,5.28,115.24,80.6,1.12
76,yulara,0,AU,1567556615,10,-25.24,130.99,62.6,9.04
77,halifax,90,CA,1567556379,93,44.65,-63.58,66.0,5.82
78,yellowknife,75,CA,1567556618,71,62.45,-114.38,50.0,8.05
79,karimganj,100,IN,1567556619,92,24.86,92.37,79.6,3.62
80,flinders,0,AU,1567556621,42,-34.58,150.85,71.01,13.87
81,vila,75,IT,1567556622,77,45.18,8.4,72.0,3.36
82,fortuna,1,US,1567556570,72,40.6,-124.16,68.0,16.11
83,westport,1,US,1567556571,64,41.14,-73.36,73.99,4.7
84,kalmunai,100,LK,1567556626,81,7.42,81.82,74.2,1.63
85,mehamn,1,NO,1567556627,67,71.03,27.85,49.54,17.27
86,beringovskiy,100,RU,1567556629,88,63.05,179.32,42.7,7.78
87,akdepe,0,TM,1567556631,59,42.05,59.39,64.4,9.17
88,bonavista,100,CA,1567556632,79,48.65,-53.11,57.99,3.0
89,merauke,93,ID,1567556633,83,-8.49,140.4,75.1,17.18
90,ancud,0,CL,1567556634,70,-41.87,-73.83,44.6,6.93
91,chaozhou,20,CN,1567556636,94,23.66,116.62,80.6,4.47
92,danane,98,CI,1567556637,99,7.26,-8.15,68.44,2.24
93,malanje,1,AO,1567556639,74,-9.54,16.35,68.44,8.52
94,bredasdorp,76,ZA,1567556640,76,-34.53,20.04,55.99,6.93
95,sumenep,36,ID,1567556372,75,-7.02,113.87,75.1,2.24
96,east london,0,ZA,1567556643,81,-33.02,27.91,52.06,5.64
97,saint-philippe,90,CA,1567556557,63,45.36,-73.48,64.4,6.93
98,henties bay,0,NA,1567556645,93,-22.12,14.28,53.01,1.99
99,isangel,20,VU,1567556647,60,-19.55,169.27,75.2,5.82
100,vila velha,20,BR,1567556648,69,-3.71,-38.6,80.6,13.87
101,adwa,92,ET,1567556649,77,14.16,38.9,62.14,0.81
102,verkhoyansk,52,RU,1567556651,58,67.55,133.39,44.32,5.44
103,college,75,US,1567556652,52,64.86,-147.8,64.99,10.29
104,champerico,40,MX,1567556654,48,16.38,-93.6,87.8,4.7
105,arraial do cabo,33,BR,1567556655,92,-22.97,-42.02,71.14,9.13
106,kulhudhuffushi,100,MV,1567556656,79,6.62,73.07,81.58,10.96
107,qaanaaq,7,GL,1567556658,53,77.48,-69.36,30.46,4.81
108,lisakovsk,100,KZ,1567556659,77,52.55,62.49,49.72,6.96
109,knysna,68,ZA,1567556660,76,-34.04,23.05,55.4,6.93
110,manokwari,97,ID,1567556662,84,-0.87,134.08,76.54,4.81
111,teya,75,MX,1567556663,70,21.05,-89.07,87.8,11.41
112,amurzet,0,CN,1567556665,78,47.69,131.09,64.84,5.37
113,bethel,90,US,1567556389,67,60.79,-161.76,59.0,18.34
114,avarua,13,CK,1567556611,60,-21.21,-159.78,75.2,11.41
115,port alfred,19,ZA,1567556668,83,-33.59,26.89,60.01,4.0
116,hasaki,75,JP,1567556670,94,35.73,140.83,73.4,8.05
117,abha,0,SA,1567556626,64,18.22,42.5,68.0,4.16
118,caraquet,1,CA,1567556672,87,47.79,-64.94,53.6,9.46
119,burevestnik,7,UA,1567556674,59,45.45,34.65,68.44,6.06
120,bereda,0,ES,1567556675,82,43.27,-7.54,64.0,1.12
121,altay,12,CN,1567556676,59,47.83,88.13,49.54,5.75
122,morondava,0,MG,1567556678,55,-20.3,44.28,74.74,12.53
123,nivala,0,FI,1567556679,94,63.93,24.96,46.99,4.79
124,manaure,75,CO,1567556680,49,11.78,-72.45,93.2,12.75
125,alice springs,0,AU,1567556682,9,-23.7,133.88,78.8,13.87
126,portland,75,US,1567556683,93,43.66,-70.25,64.99,5.82
127,wanning,0,AT,1567556685,100,48.64,13.53,54.0,1.12
128,butaritari,51,KI,1567556686,66,3.07,172.79,84.46,3.06
129,ostrovnoy,100,RU,1567556687,83,68.05,39.51,52.24,9.42
130,tautira,40,PF,1567556601,74,-17.73,-149.15,82.4,3.36
131,plettenberg bay,68,ZA,1567556690,89,-34.05,23.37,52.42,5.93
132,bronnoysund,100,NO,1567556691,87,65.46,12.2,50.0,18.34
133,gashua,89,NG,1567556693,42,12.87,11.04,85.9,8.19
134,mineral wells,1,US,1567556485,35,32.81,-98.11,93.99,5.82
135,longyearbyen,90,NO,1567556695,95,78.22,15.63,32.0,2.24
136,vysokogornyy,33,RU,1567556697,72,50.1,139.13,59.44,4.72
137,nelson bay,0,AU,1567556698,59,-32.72,152.14,70.0,10.29
138,port elizabeth,1,US,1567556577,73,39.31,-74.98,77.0,4.7
139,upernavik,22,GL,1567556701,58,72.79,-56.15,37.84,11.54
140,erenhot,30,CN,1567556702,24,43.65,111.97,72.58,8.81
141,gorele,40,TR,1567556703,83,41.03,39.0,70.0,4.7
142,quang ngai,100,VN,1567556677,79,15.12,108.8,76.54,1.77
143,vestmanna,84,FO,1567556706,66,62.16,-7.17,48.2,11.41
144,la vega,75,DO,1567556707,66,19.22,-70.53,86.0,11.41
145,kurumkan,83,RU,1567556709,79,54.33,110.32,51.34,2.71
146,harper,75,US,1567556625,29,30.3,-99.24,93.2,6.93
147,chake chake,3,TZ,1567556711,79,-5.25,39.77,77.62,12.12
148,dikson,89,RU,1567556713,88,73.51,80.55,38.2,6.49
149,iqaluit,90,CA,1567556714,81,63.75,-68.52,42.8,23.04
150,monroe,75,US,1567556482,88,41.91,-83.4,77.0,10.42
151,hay river,75,CA,1567556717,67,60.82,-115.79,62.6,12.75
152,mar del plata,53,AR,1567556718,59,-46.43,-67.52,33.88,10.76
153,west wendover,1,US,1567556719,19,40.74,-114.07,91.4,9.17
154,san cristobal,46,HN,1567556720,52,14.68,-86.92,77.62,9.08
155,alofi,75,NU,1567556722,69,-19.06,-169.92,78.8,16.11
156,byron bay,0,AU,1567556645,26,-28.65,153.62,81.0,1.12
157,touros,20,BR,1567556725,88,-5.2,-35.46,75.2,4.7
158,malyye derbety,35,RU,1567556726,48,47.95,44.68,64.12,4.54
159,praia da vitoria,75,PT,1567556727,68,38.73,-27.07,69.8,18.19
160,dingle,100,PH,1567556729,78,11.0,122.67,80.32,5.06
161,deputatskiy,30,RU,1567556649,49,69.3,139.9,47.02,5.79
162,shaunavon,1,CA,1567556731,33,49.65,-108.41,76.0,9.55
163,padang,100,ID,1567556733,83,-0.92,100.36,81.58,16.51
164,port pirie,62,AU,1567556734,67,-33.18,138.01,60.8,9.17
165,vestmannaeyjar,0,IS,1567556688,64,63.44,-20.27,49.72,13.94
166,coahuayana,15,MX,1567556737,84,18.62,-100.35,80.68,1.97
167,jiancheng,40,CN,1567556738,94,30.39,104.55,75.0,2.24
168,mareeba,87,AU,1567556739,47,-16.99,145.42,79.0,8.05
169,fort nelson,75,CA,1567556715,60,58.81,-122.69,69.8,3.36
170,faanui,44,PF,1567556742,85,-16.48,-151.75,77.8,18.79
171,ialibu,100,PG,1567556743,98,-6.28,143.99,64.84,2.01
172,viloco,41,BO,1567556745,86,-16.87,-67.5,41.62,7.78
173,quesnel,1,CA,1567556746,28,52.98,-122.49,82.4,5.82
174,tiksi,65,RU,1567556747,91,71.64,128.87,40.18,6.8
175,cherskiy,0,RU,1567556748,40,68.75,161.3,50.8,4.03
176,caohai,49,CN,1567556750,93,26.87,104.28,57.1,4.83
177,saldanha,0,PT,1567556751,37,41.42,-6.55,71.14,2.01
178,nabire,100,ID,1567556753,98,-3.36,135.5,69.88,2.98
179,cape town,75,ZA,1567556630,93,-33.93,18.42,60.01,10.29
180,georgetown,20,GY,1567556749,74,6.8,-58.16,84.2,9.17
181,barahona,40,DO,1567556757,79,18.21,-71.1,84.2,11.41
182,sancti spiritus,98,CU,1567556758,89,21.93,-79.44,76.18,6.91
183,umba,100,RU,1567556759,75,66.69,34.34,49.18,5.03
184,myitkyina,95,MM,1567556761,99,25.38,97.4,73.12,2.08
185,basavana bagevadi,100,IN,1567556762,88,16.57,75.97,72.58,13.82
186,larsnes,39,NO,1567556763,62,62.2,5.58,53.6,11.41
187,port keats,94,AU,1567556736,60,-14.25,129.55,78.52,6.71
188,port augusta,62,AU,1567556766,67,-32.49,137.76,60.8,9.17
189,rocha,28,UY,1567556767,63,-34.48,-54.34,39.64,11.72
190,kavieng,54,PG,1567556769,77,-2.57,150.8,83.38,10.92
191,zhanaozen,1,KZ,1567556770,39,43.35,52.85,62.68,7.43
192,simpelveld,90,BE,1567556772,77,50.84,5.98,63.0,9.17
193,jalu,0,LY,1567556547,38,29.03,21.55,81.22,14.25
194,pasighat,100,IN,1567556726,99,28.06,95.33,70.42,2.75
195,khatanga,96,RU,1567556617,77,71.98,102.47,40.54,13.35
196,vardo,1,US,1567556777,54,39.62,-77.74,78.8,6.93
197,san jose,75,HN,1567556588,78,14.25,-87.96,73.4,9.17
198,nanortalik,100,GL,1567556779,92,60.14,-45.24,47.02,11.3
199,te anau,100,NZ,1567556780,84,-45.41,167.72,43.06,1.01
200,tsybli,75,UA,1567556782,82,49.99,31.57,60.8,11.18
201,kulebaki,0,RU,1567556783,89,55.41,42.53,47.38,3.2
202,saint-augustin,90,CA,1567556785,55,45.63,-73.98,64.4,8.05
203,san patricio,0,PY,1567556786,80,-26.98,-56.83,55.48,8.34
204,mabaruma,100,GY,1567556788,96,8.2,-59.78,75.1,2.66
205,nome,1,US,1567556661,49,30.04,-94.42,93.2,4.7
206,tecoanapa,40,MX,1567556790,74,16.99,-99.26,86.0,8.05
207,srostki,84,RU,1567556792,68,52.42,85.7,46.48,1.63
208,kruisfontein,15,ZA,1567556793,92,-34.0,24.73,50.98,8.39
209,nueva concepcion,75,GT,1567556795,88,14.2,-91.3,87.8,5.7
210,chokurdakh,39,RU,1567556619,63,70.62,147.9,47.38,9.46
211,can tho,75,VN,1567556515,100,10.04,105.78,78.8,8.05
212,yatou,75,CM,1567556799,100,3.63,9.81,77.0,2.24
213,bathsheba,40,BB,1567556800,74,13.22,-59.52,82.4,19.46
214,guerrero negro,0,MX,1567556748,80,27.97,-114.04,73.3,11.27
215,denizli,0,TR,1567556803,77,37.77,29.09,62.6,1.12
216,bulgan,62,MN,1567556804,92,48.81,103.53,54.04,3.24
217,jalapa,75,GT,1567556805,88,14.63,-89.98,68.0,2.24
218,kloulklubed,90,PW,1567556807,88,7.04,134.26,75.2,16.11
219,kongolo,52,CD,1567556711,62,-5.39,27.0,75.64,4.38
220,presevo,0,RS,1567556809,64,42.31,21.65,68.0,12.75
221,cidreira,71,BR,1567556730,62,-30.17,-50.22,52.96,4.54
222,collierville,20,US,1567556812,48,35.04,-89.66,89.6,4.7
223,roald,91,NO,1567556813,62,62.58,6.12,53.6,11.41
224,mizdah,0,LY,1567556815,83,31.45,12.98,66.28,7.09
225,muroto,75,JP,1567556816,74,33.37,134.14,80.6,8.05
226,itarema,0,BR,1567556817,75,-2.92,-39.92,77.08,12.24
227,gorom-gorom,12,BF,1567556819,55,14.45,-0.24,86.26,13.0
228,madison,40,US,1567556820,53,43.07,-89.38,75.99,9.17
229,limon,1,US,1567556821,41,39.26,-103.69,79.0,16.11
230,wolsztyn,0,PL,1567556823,67,52.11,16.12,60.01,4.7
231,port lincoln,64,AU,1567556739,84,-34.72,135.86,57.82,6.38
232,pacific grove,1,US,1567556825,60,36.62,-121.92,90.0,8.05
233,poum,98,MK,1567556827,70,41.28,20.71,59.26,4.76
234,creel,69,MX,1567556828,78,27.75,-107.63,64.84,7.87
235,ravar,0,IR,1567556830,25,31.27,56.81,64.3,1.63
236,nouadhibou,7,MR,1567556831,69,20.93,-17.03,75.2,16.11
237,barcelos,79,BR,1567556730,69,-0.97,-62.93,79.24,1.97
238,sao joao da barra,0,BR,1567556781,82,-21.64,-41.05,73.48,10.16
239,constitucion,75,MX,1567556835,46,23.99,-104.67,72.0,3.36
240,leningradskiy,99,RU,1567556836,80,69.38,178.42,35.32,2.71
241,mpanda,86,BI,1567556837,61,-3.17,29.4,64.48,4.38
242,burnie,65,AU,1567556556,73,-41.05,145.91,55.99,8.99
243,saskylakh,99,RU,1567556634,72,71.97,114.09,43.42,9.71
244,sechelt,75,CA,1567556841,73,49.47,-123.76,77.0,3.36
245,kibre mengist,77,ET,1567556842,94,5.87,38.99,55.12,0.96
246,alta floresta,29,BR,1567556777,27,-9.87,-56.08,86.62,0.78
247,lorengau,77,PG,1567556845,79,-2.02,147.27,82.48,7.18
248,kantang,99,TH,1567556846,92,7.42,99.52,77.08,0.58
249,digha,100,IN,1567556848,83,21.62,87.51,84.28,15.95
250,nemuro,20,JP,1567556636,60,43.32,145.57,68.0,5.82
251,caravelas,0,BR,1567556635,86,-17.73,-39.27,73.66,8.99
252,clyde river,90,CA,1567556851,100,70.47,-68.59,41.0,9.17
253,nuevo progreso,90,US,1567556853,88,26.05,-97.95,80.01,5.82
254,evensk,88,RU,1567556723,41,61.92,159.24,54.04,4.07
255,sola,30,TZ,1567556855,50,-3.17,33.8,70.24,11.21
256,torbay,90,CA,1567556857,93,47.66,-52.73,61.0,19.46
257,homer,75,US,1567556858,67,59.64,-151.54,63.0,10.29
258,narsaq,100,GL,1567556859,87,60.91,-46.05,46.4,5.82
259,tambun,88,ID,1567556861,94,-6.26,107.07,80.01,2.66
260,hami,24,CN,1567556862,33,42.84,93.51,73.84,5.75
261,dunedin,100,NZ,1567556812,74,-45.87,170.5,52.0,24.0
262,honiara,75,SB,1567556865,83,-9.43,159.96,82.4,3.36
263,cayenne,0,GF,1567556821,83,4.94,-52.33,80.6,6.93
264,tarbagatay,40,RU,1567556867,100,51.48,107.36,57.2,4.47
265,ust-nera,100,RU,1567556868,84,64.57,143.24,43.6,6.2
266,hithadhoo,2,MV,1567556870,77,-0.6,73.08,82.84,12.19
267,ribeira grande,55,PT,1567556744,73,38.52,-28.7,70.42,11.27
268,sibu,75,MY,1567556872,94,2.29,111.83,75.2,4.7
269,vallenar,0,CL,1567556874,86,-28.58,-70.76,45.76,2.08
270,hambantota,97,LK,1567556849,82,6.12,81.12,80.5,14.7
271,pelym,95,RU,1567556876,95,61.01,62.0,46.66,3.56
272,grand gaube,75,MU,1567556878,78,-20.01,57.66,71.6,2.24
273,rio tuba,68,PH,1567556879,77,8.51,117.43,83.74,15.59
274,lady lake,1,US,1567556880,74,28.92,-81.92,82.4,13.87
275,salinopolis,43,BR,1567556882,81,-0.61,-47.36,81.22,21.74
276,chernyshevskiy,96,RU,1567556883,92,63.01,112.47,50.08,5.84
277,cabo san lucas,40,MX,1567556604,48,22.89,-109.91,90.0,11.41
278,medicine hat,75,CA,1567556886,20,50.04,-110.68,84.99,10.29
279,lerwick,97,GB,1567556887,93,60.15,-1.15,55.4,12.75
280,ishigaki,75,JP,1567556888,88,24.34,124.16,82.4,24.16
281,havelock,1,US,1567556738,74,34.88,-76.9,81.0,4.7
282,mpophomeni,0,ZA,1567556891,62,-29.57,30.18,63.0,4.59
283,lakes entrance,12,AU,1567556714,74,-37.88,147.99,61.0,1.01
284,saint anthony,1,US,1567556594,16,43.97,-111.68,89.6,11.41
285,panaba,50,MX,1567556748,76,21.28,-88.27,82.48,11.34
286,pevek,0,RU,1567556896,78,69.7,170.27,39.1,1.48
287,gimli,71,CA,1567556898,57,50.63,-96.99,59.0,4.99
288,san vicente,20,EC,1567556899,78,-0.59,-80.41,73.4,12.75
289,sorland,100,NO,1567556900,79,67.67,12.69,52.06,30.36
290,oeiras,34,BR,1567556902,47,-7.01,-42.13,84.46,7.61
291,presidencia roque saenz pena,0,AR,1567556845,72,-26.79,-60.44,55.48,5.93
292,seoul,90,KR,1567556822,106,37.57,126.98,73.4,3.36
293,otane,100,NZ,1567556906,91,-39.89,176.62,57.0,8.01
294,pechora,39,RU,1567556907,82,65.12,57.16,43.6,3.58
295,karasuk,98,RU,1567556908,69,53.73,78.03,49.72,7.94
296,cerrito,40,CO,1567556910,73,6.84,-72.7,71.6,4.7
297,ternate,75,PH,1567556911,70,14.29,120.72,86.0,5.82
298,hervey bay,0,AU,1567556912,35,-25.3,152.85,82.99,5.82
299,garcia hernandez,100,PH,1567556914,76,9.61,124.29,82.48,6.58
300,morro bay,1,US,1567556915,50,35.37,-120.85,99.0,12.75
301,arua,97,UG,1567556916,95,3.02,30.91,62.5,1.99
302,plouzane,20,FR,1567556918,93,48.38,-4.62,57.99,4.7
303,severo-kurilsk,100,RU,1567556633,94,50.68,156.12,50.44,9.75
304,arenillas,75,EC,1567556920,83,-3.56,-80.07,89.6,8.05
305,tombouctou,49,ML,1567556922,40,16.77,-3.01,92.38,13.71
306,chicama,0,PE,1567556923,88,-7.84,-79.15,62.6,6.93
307,ponta do sol,83,BR,1567556924,40,-20.63,-46.0,74.56,0.58
308,atar,93,MR,1567556757,28,20.52,-13.05,94.54,11.77
309,andreapol,100,RU,1567556927,96,56.65,32.27,52.24,8.68
310,humboldt,2,CA,1567556928,51,52.21,-105.12,70.06,3.6
311,nishihara,90,JP,1567556930,88,35.74,139.53,79.0,8.05
312,megion,91,RU,1567556931,100,61.04,76.11,50.0,2.37
313,abu samrah,0,SY,1567556932,89,35.3,37.18,67.0,9.89
314,vao,59,EE,1567556934,93,59.1,26.19,49.36,6.04
315,esmeraldas,0,BR,1567556935,44,-19.76,-44.31,77.0,9.17
316,paita,0,PE,1567556792,94,-5.09,-81.11,62.32,13.78
317,phalaborwa,0,ZA,1567556938,51,-23.95,31.14,62.6,2.24
318,ocos,75,GT,1567556939,88,14.51,-92.19,78.8,3.49
319,caracal,69,RO,1567556940,72,44.11,24.35,68.0,10.29
320,codrington,0,AU,1567556736,26,-28.95,153.24,81.0,1.12
321,bergerac,0,FR,1567556943,81,44.85,0.49,60.01,4.54
322,tahoua,51,NE,1567556944,42,14.89,5.26,90.22,4.34
323,bay-khaak,92,RU,1567556946,76,51.16,94.47,54.22,3.62
324,cruzilia,91,BR,1567556800,85,-21.84,-44.81,65.02,4.63
325,saint george,20,GR,1567556948,72,39.45,22.34,68.0,1.66
326,carnduff,14,CA,1567556950,60,49.17,-101.8,66.0,4.0
327,angoche,98,MZ,1567556951,85,-16.23,39.91,69.7,4.85
328,cruz alta,0,AR,1567556952,45,-33.01,-61.81,36.0,1.99
329,klaksvik,85,FO,1567556690,66,62.23,-6.59,48.2,11.41
330,qaqortoq,100,GL,1567556675,87,60.72,-46.03,46.4,5.82
331,qasigiannguit,45,GL,1567556956,45,68.82,-51.19,48.2,19.46
332,sangar,0,RU,1567556957,57,63.92,127.47,46.12,10.76
333,zhangjiakou,84,CN,1567556959,40,40.77,114.88,65.38,0.92
334,gander,90,CA,1567556961,100,48.95,-54.61,60.8,10.29
335,sapele,100,NG,1567556962,95,5.89,5.68,75.1,2.66
336,kjollefjord,1,NO,1567556963,71,70.95,27.35,50.8,23.64
337,tel aviv-yafo,40,IL,1567556870,69,32.08,34.78,77.0,4.7
338,cardston,1,CA,1567556966,24,49.2,-113.32,82.0,11.41
339,sioux lookout,75,CA,1567556968,76,50.1,-91.92,51.8,3.36
340,nacala,2,MZ,1567556969,90,-14.56,40.69,67.9,10.31
341,klamath falls,1,US,1567556970,16,42.22,-121.78,87.01,4.7
342,kupang,20,ID,1567556972,54,-10.16,123.6,78.8,10.29
343,manta,100,RO,1567556973,59,45.1,24.1,66.82,4.09
344,lasa,40,CY,1567556974,78,34.92,32.53,75.2,4.7
345,sitka,0,US,1567556836,35,37.17,-99.65,93.0,7.0
346,uppsala,27,SE,1567556977,93,59.86,17.64,57.2,8.05
347,alanya,75,TR,1567556978,88,36.55,32.0,75.2,4.7
348,galle,100,GN,1567556788,93,10.08,-12.83,71.68,2.77
349,inta,6,RU,1567556981,90,66.04,60.13,42.88,7.09
350,puerto escondido,37,MX,1567556982,75,15.86,-97.07,82.84,3.02
351,grindavik,0,IS,1567556783,81,63.84,-22.43,46.4,9.17
352,santo antonio do ica,44,BR,1567556985,70,-3.1,-67.94,80.14,0.76
353,broome,89,GB,1567556986,77,52.47,1.45,64.99,9.17
354,karlskrona,9,SE,1567556987,100,56.16,15.59,53.6,4.7
355,jeremie,18,HT,1567556989,71,18.65,-74.12,83.02,2.64
356,oksfjord,88,NO,1567556990,58,70.24,22.35,53.6,13.87
357,paraiso,40,BR,1567556991,89,-0.03,-51.17,84.2,9.17
358,san andres,99,PH,1567556993,76,13.32,122.68,83.02,12.75
359,karema,30,TZ,1567556994,61,-6.82,30.44,77.8,7.56
360,marfino,0,RU,1567556995,77,56.07,37.56,64.0,6.71
361,eyl,0,SO,1567556997,64,7.98,49.82,76.54,30.29
362,marrakesh,20,MA,1567556936,73,31.63,-7.99,71.6,11.41
363,enshi,51,CN,1567556999,87,30.29,109.48,63.94,3.58
364,mongo,52,CD,1567557001,73,-5.62,14.6,71.86,6.17
365,tuatapere,100,NZ,1567556846,87,-46.13,167.69,52.0,1.01
366,lavrentiya,100,RU,1567557003,95,65.58,-170.99,45.4,9.95
367,zhaoyuan,18,CN,1567557005,86,45.52,125.08,71.32,10.31
368,liwale,0,TZ,1567557006,90,-9.8,37.92,60.34,6.15
369,kearney,1,US,1567557007,57,40.7,-99.08,78.8,11.41
370,dali,91,CN,1567557009,58,34.79,109.94,71.14,11.21
371,toccoa,1,US,1567557010,61,34.58,-83.33,84.99,2.8
372,zabol,0,IR,1567557012,21,31.03,61.49,82.4,26.4
373,straumen,75,NO,1567557013,81,63.87,11.3,52.0,11.41
374,hirara,75,JP,1567557014,94,24.8,125.28,75.2,18.34
375,tabou,56,CI,1567557017,95,4.42,-7.36,74.38,3.8
376,norman wells,90,CA,1567557019,87,65.28,-126.83,53.6,3.36
377,roseburg,1,US,1567557020,35,43.22,-123.34,84.2,12.75
378,corinto,40,CO,1567557022,65,3.17,-76.26,78.8,13.87
379,sale,52,AU,1567557023,88,-38.11,147.06,62.01,5.01
380,lascahobas,40,HT,1567557024,58,18.83,-71.94,87.8,13.87
381,coos bay,1,US,1567556754,68,43.37,-124.22,69.8,17.22
382,kholtoson,58,RU,1567557027,95,50.3,103.31,50.98,2.3
383,chapais,90,CA,1567557028,62,49.78,-74.86,51.8,6.93
384,ilanskiy,95,RU,1567557030,93,56.24,96.06,50.62,9.46
385,provideniya,75,RU,1567557031,87,64.42,-173.23,53.6,6.71
386,uyemskiy,40,RU,1567557033,93,64.47,40.85,59.0,6.71
387,turukhansk,53,RU,1567557034,85,65.8,87.96,42.16,5.21
388,mount gambier,90,AU,1567556803,100,-37.83,140.78,50.0,11.41
389,manaus,40,BR,1567557037,69,-3.13,-59.98,82.4,8.05
390,nicoya,40,CR,1567557038,83,10.15,-85.45,77.0,8.05
391,kodiak,1,US,1567557039,78,39.95,-94.76,86.0,4.7
392,aksha,97,RU,1567557040,91,50.28,113.29,60.34,4.63
393,coldwater,1,US,1567556969,78,41.94,-85.0,75.2,6.93
394,bilma,0,NE,1567557043,16,18.69,12.92,93.64,3.96
395,serpa,0,PT,1567556889,46,37.94,-7.6,73.4,6.93
396,kenai,75,US,1567557046,72,60.55,-151.26,63.0,10.29
397,viedma,91,AR,1567557047,61,-40.81,-62.99,40.18,20.42
398,tomohon,20,ID,1567557048,65,1.33,124.84,80.6,8.05
399,tigzirt,0,DZ,1567557050,83,36.57,4.2,65.74,1.7
400,darhan,99,MN,1567557051,93,49.49,105.92,57.1,4.72
401,damphu,100,BT,1567557053,88,27.07,90.11,64.3,4.83
402,mogadishu,40,SO,1567556760,74,2.04,45.34,78.8,18.34
403,forestville,75,CA,1567557055,76,48.74,-69.09,50.0,3.36
404,hofn,14,IS,1567557200,81,64.25,-15.21,30.28,13.04
405,hof,1,DE,1567557201,93,50.32,11.92,55.0,2.33
406,barinitas,65,VE,1567557202,96,8.76,-70.41,53.5,2.39
407,berlevag,0,NO,1567557204,73,70.86,29.09,51.52,20.13
408,lompoc,1,US,1567557206,72,34.64,-120.46,87.01,11.41
409,palestine,1,US,1567557207,43,31.76,-95.63,93.2,5.82
410,trapani,20,IT,1567557208,88,38.02,12.54,77.0,9.17
411,xining,27,CN,1567557210,78,36.62,101.77,52.42,1.81
412,mozarlandia,0,BR,1567557211,23,-14.74,-50.57,80.5,0.36
413,ternuvate,0,UA,1567557212,68,47.83,36.13,66.2,4.47
414,illintsi,97,UA,1567557213,87,49.11,29.2,53.86,14.72
415,soyo,46,AO,1567557215,85,-6.13,12.37,72.58,12.62
416,ambulu,17,ID,1567557216,88,-8.35,113.61,69.88,4.52
417,komsomolskiy,93,RU,1567557218,83,67.55,63.78,45.94,6.11
418,paamiut,100,GL,1567557219,96,61.99,-49.67,44.5,23.35
419,narasannapeta,100,IN,1567557220,91,18.42,84.04,77.44,4.05
420,port-gentil,75,GA,1567557222,88,-0.72,8.78,77.0,11.41
421,yarmouth,20,CA,1567557097,93,43.84,-66.12,62.01,6.93
422,bar harbor,20,US,1567557225,93,44.39,-68.2,62.01,5.82
423,santa cruz,10,BR,1567557220,78,-6.22,-36.02,70.24,14.16
424,katsuura,75,JP,1567557228,88,33.93,134.5,86.0,2.24
425,airai,6,TL,1567557229,43,-8.93,125.41,78.34,0.81
426,birao,100,CF,1567557230,94,10.3,22.78,73.48,6.15
427,savalou,48,BJ,1567557232,95,7.93,1.98,73.84,1.99
428,sampit,21,ID,1567557233,82,-2.54,112.95,76.54,3.27
429,necochea,46,AR,1567557234,69,-38.55,-58.74,44.01,17.0
430,liverpool,40,GB,1567557170,93,53.41,-2.98,62.6,8.05
431,laela,46,TZ,1567557237,80,-8.57,32.05,55.66,2.82
432,tomatlan,44,MX,1567557238,76,19.93,-105.25,84.64,17.94
433,samana,75,EC,1567557240,88,0.12,-76.97,78.8,3.36
434,talara,0,PE,1567557242,93,-4.58,-81.27,62.5,10.45
435,benghazi,0,LY,1567557244,70,32.12,20.07,80.32,9.48
436,nakama,75,JP,1567557245,88,33.82,130.71,81.0,4.7
437,voyvozh,20,RU,1567557247,91,62.89,54.96,43.06,2.42
438,puerto baquerizo moreno,75,EC,1567557248,88,-0.9,-89.6,71.6,10.29
439,ponta delgada,75,PT,1567557063,77,37.73,-25.67,71.01,11.41
440,carutapera,63,BR,1567557251,81,-1.2,-46.02,78.34,7.4
441,ayan,0,IR,1567557252,70,38.23,44.7,51.7,3.33
442,high rock,100,BS,1567557253,74,26.63,-78.28,83.74,35.72
443,cockburn town,20,TC,1567557049,74,21.46,-71.14,84.2,13.87
444,yar-sale,98,RU,1567557256,90,66.83,70.83,48.46,7.07
445,swan river,43,CA,1567557257,71,52.11,-101.27,55.48,7.45
446,wajid,88,SO,1567557259,64,3.81,43.25,74.92,17.67
447,taltal,50,CL,1567557170,79,-25.41,-70.49,50.26,1.97
448,zambezi,0,ZM,1567557261,33,-13.55,23.12,68.62,7.54
449,ust-omchug,14,RU,1567557263,54,61.13,149.63,53.14,4.76
450,behbahan,0,IR,1567557264,18,30.59,50.24,80.6,14.12
451,santiago del estero,0,AR,1567557265,57,-27.8,-64.26,47.2,2.51
452,bundaberg,2,AU,1567557267,25,-24.87,152.35,84.0,6.93
453,petersburg,1,US,1567557268,69,37.23,-77.4,81.0,6.93
454,adrar,20,DZ,1567557269,29,27.87,-0.29,91.4,11.41
455,saint-francois,0,FR,1567557271,71,46.42,3.91,51.8,2.24
456,ciudad bolivar,64,VE,1567557272,76,8.12,-63.55,80.86,6.31
457,miri,100,NG,1567557273,86,10.31,9.75,72.04,4.52
458,udachnyy,40,RU,1567557275,93,66.42,112.4,41.0,4.03
459,sao luis de montes belos,8,BR,1567557276,28,-16.52,-50.37,77.08,0.65
460,labuhan,0,ID,1567557277,52,-2.54,115.51,76.0,0.27
461,mount isa,100,AU,1567557279,16,-20.73,139.49,78.8,9.17
462,laguna,20,BZ,1567557039,70,16.17,-88.94,86.0,4.7
463,fairbanks,75,US,1567557281,52,64.84,-147.72,66.2,14.99
464,mandiana,100,GN,1567557283,96,10.62,-8.7,72.04,4.85
465,balabac,89,PH,1567557284,77,7.99,117.06,83.38,9.08
466,san isidro,75,CR,1567557285,94,10.02,-84.06,71.6,1.12
467,parati,20,BR,1567557287,65,-20.51,-54.63,77.0,5.82
468,zhuhai,0,CN,1567557288,51,40.71,112.04,62.6,4.47
469,morada nova,69,BR,1567557289,76,-5.1,-38.37,75.28,7.45
470,hovd,75,NO,1567557291,81,63.83,10.7,53.01,11.41
471,nyurba,100,RU,1567557140,98,63.29,118.35,45.04,3.44
472,sibolga,100,ID,1567557293,88,1.74,98.78,77.8,4.76
473,borgo san dalmazzo,5,IT,1567557295,61,44.33,7.49,77.0,10.29
474,kirakira,76,SB,1567557296,85,-10.46,161.92,79.96,16.91
475,camargo,50,MX,1567557298,27,27.69,-105.17,85.54,13.31
476,sassandra,48,CI,1567557299,98,4.95,-6.09,72.76,2.21
477,yarada,75,IN,1567557300,94,17.65,83.27,78.8,2.24
478,pangnirtung,100,CA,1567557302,64,66.15,-65.72,40.54,6.71
479,pokhara,100,NP,1567557303,94,28.21,83.99,57.1,0.98
480,naze,100,NG,1567557305,96,5.43,7.07,74.38,4.47
481,mendoza,0,AR,1567557265,36,-32.89,-68.84,46.4,2.24
482,perth,40,AU,1567557174,58,-31.95,115.86,59.0,17.22
483,timizart,0,DZ,1567557308,73,36.8,4.25,75.82,13.27
484,port-cartier,20,CA,1567557310,93,50.03,-66.88,44.6,2.24
485,thinadhoo,29,MV,1567557225,76,0.53,72.93,82.84,9.8
486,maniitsoq,100,GL,1567557312,97,65.42,-52.9,43.42,17.47
487,ola,0,RU,1567557314,82,59.58,151.3,51.88,4.23
488,fare,16,PF,1567557315,85,-16.7,-151.02,77.26,19.42
489,comodoro rivadavia,40,AR,1567557317,48,-45.87,-67.48,41.0,12.75
490,banning,1,US,1567557205,32,33.93,-116.88,105.01,10.29
491,phan thiet,88,VN,1567557319,88,10.93,108.1,74.56,5.99
492,skjervoy,80,NO,1567557320,73,70.03,20.97,51.52,6.98
493,nizhnyaya tavda,17,RU,1567557322,95,57.67,66.17,41.98,3.53
494,roermond,75,NL,1567557323,72,51.19,5.99,63.0,3.36
495,wilhelmshaven,75,DE,1567557036,82,53.53,8.11,61.0,5.82
496,banyo,95,CM,1567557326,96,6.75,11.81,63.22,2.55
497,ondjiva,0,AO,1567557327,15,-17.07,15.73,63.4,5.53
498,mariental,75,BR,1567557329,93,-25.72,-49.65,57.0,8.05
499,north branch,75,US,1567557330,59,45.51,-92.98,68.0,14.99
500,amapa,75,HN,1567557331,70,15.09,-87.97,86.0,13.87
501,chauk,81,MM,1567557332,97,20.89,94.82,74.38,6.08
502,vyazemskiy,21,RU,1567557334,73,47.53,134.76,67.36,5.5
503,preeceville,34,CA,1567557335,65,51.95,-102.67,62.68,5.35
504,axim,33,GH,1567557337,92,4.87,-2.24,75.28,5.93
505,cabedelo,40,BR,1567557338,88,-6.97,-34.84,73.4,3.36
506,salalah,90,OM,1567557340,100,17.01,54.1,78.8,4.7
507,talaya,20,RU,1567557341,93,55.79,84.89,46.4,4.47
508,tazovskiy,100,RU,1567557126,99,67.47,78.7,43.06,3.38
509,betlitsa,0,RU,1567557344,94,54.01,33.96,58.36,3.49
510,urengoy,100,RU,1567557345,94,65.96,78.37,48.1,5.93
511,awjilah,0,LY,1567557346,49,29.14,21.3,79.06,13.94
512,luz,74,BR,1567557348,32,-19.79,-45.68,79.96,3.74
513,ust-kuyga,98,RU,1567557349,51,70.0,135.55,54.76,2.01
514,mudgee,0,AU,1567557350,28,-32.6,149.59,73.99,5.82
515,ambanja,18,MG,1567557352,68,-13.68,48.45,78.34,5.86
516,port hedland,0,AU,1567557353,94,-20.31,118.58,68.0,6.93
517,kurtamysh,0,RU,1567557355,87,54.91,64.43,42.16,5.93
518,dungarpur,87,IN,1567557356,96,23.85,73.71,76.0,4.34
519,manturovo,0,RU,1567557357,85,58.33,44.76,45.94,1.59
520,bria,100,CF,1567557359,97,6.54,21.99,69.7,3.42
521,seymchan,66,RU,1567557360,40,62.93,152.39,58.18,8.19
522,maunabo,40,PR,1567557361,74,18.01,-65.9,84.2,8.05
523,namibe,28,AO,1567557363,84,-15.19,12.15,64.3,8.66
524,los llanos de aridane,5,ES,1567557364,56,28.66,-17.92,71.6,5.82
525,hokitika,100,NZ,1567557366,61,-42.72,170.96,54.94,8.01
526,shingu,40,JP,1567557367,70,33.72,135.99,84.2,2.24
527,slave lake,1,CA,1567557318,60,55.28,-114.77,69.8,3.36
528,araouane,55,ML,1567557370,22,18.9,-3.53,99.76,12.01
529,koutsouras,0,GR,1567557371,41,35.03,25.95,79.0,7.0
530,umea,96,SE,1567557372,93,63.83,20.26,51.8,3.36
531,marquette,90,US,1567557374,82,46.54,-87.4,59.0,11.41
532,nenjiang,92,CN,1567557375,92,49.17,125.23,64.48,6.78
533,dunkirk,40,FR,1567557239,87,51.03,2.38,59.0,8.05
534,athabasca,0,CA,1567557377,50,54.72,-113.29,70.42,2.39
535,bambanglipuro,49,ID,1567557379,84,-7.95,110.28,72.04,6.82
536,broken hill,0,AU,1567557381,26,-31.97,141.45,71.6,11.41
537,micheweni,14,TZ,1567557382,80,-4.97,39.83,77.26,12.19
538,waingapu,65,ID,1567557383,72,-9.65,120.26,73.84,11.65
539,kawalu,100,ID,1567557385,85,-7.38,108.21,66.46,3.69
540,brits,0,ZA,1567557360,43,-25.63,27.78,57.0,3.36
541,independence,20,US,1567557387,66,39.09,-94.42,88.0,5.82
542,musoma,74,TZ,1567557388,69,-1.5,33.81,75.46,5.39
543,sakata,75,JP,1567557390,78,38.92,139.93,75.2,5.82
544,grand-santi,99,GF,1567557391,73,4.27,-54.38,78.7,1.12
545,lichinga,26,MZ,1567557392,60,-13.3,35.25,68.98,5.03
546,dombas,0,NO,1567557394,89,62.07,9.12,31.72,3.96
547,ilovlya,0,RU,1567557395,76,49.31,43.98,53.6,2.24
548,nantucket,1,US,1567557359,88,41.28,-70.1,66.99,4.7
549,san policarpo,99,PH,1567557398,74,12.18,125.51,81.76,3.65
550,adiake,40,CI,1567557399,94,5.29,-3.3,77.0,5.82
551,manchester,90,US,1567557145,77,43.0,-71.45,69.01,4.7
552,virginia beach,75,US,1567557199,88,36.85,-75.98,78.8,4.7
553,srikakulam,100,IN,1567557403,89,18.29,83.89,77.8,3.09
554,saquisili,20,EC,1567557404,71,-0.83,-78.67,51.8,17.22
555,quatre cocos,75,MU,1567557160,78,-20.21,57.76,71.6,2.24
556,saint-joseph,0,FR,1567557407,77,43.56,6.97,77.0,3.36
557,ramsi,49,EE,1567557408,87,58.31,25.54,50.0,2.24
558,lokosovo,90,RU,1567557409,94,61.13,74.84,47.92,5.97
559,manacor,40,ES,1567557411,83,39.57,3.21,73.0,2.24
560,erdenet,89,MN,1567557412,92,49.03,104.04,55.84,2.91
561,kota belud,75,MY,1567557414,65,6.35,116.43,82.0,5.82
562,tura,100,RU,1567557415,88,64.27,100.22,49.18,5.75
